{
  "baseline_gas_resistance": 169424.22,
  "trained_date": "2026-02-01T10:34:08.366943",
  "window_size": 10,
  "mae": 9.588971746668278,
  "rmse": 14.413678103050447,
  "r2": 0.892082619800522,
  "notes": "Trained on real BSEC data with MLP architecture"
}