{
  "baseline_gas_resistance": 272172.11503282026,
  "trained_date": "2026-02-14T18:07:00.964132",
  "window_size": 10,
  "mae": 155.7782044141275,
  "rmse": 191.0432058859836,
  "r2": -0.918938516262547,
  "notes": "Trained on real BSEC data with MLP"
}