{
  "created_at": "2026-03-18T13:51:47.230844",
  "git_commit": "b206564",
  "data_fingerprint": "a26edb3e54e8340867c224e1500a57eabc5eb7b950331bdab52a5efaff5b566e",
  "data_source": {
    "source_type": "influxdb",
    "measurement": "bme688",
    "hours_back": 1344,
    "min_iaq_accuracy": 2,
    "host": "87.106.102.14",
    "database": "home_study_room_iaq"
  },
  "config": {
    "model_type": "mlp",
    "epochs": 200,
    "window_size": 10,
    "batch_size": 32,
    "learning_rate": 0.001,
    "test_size": 0.2,
    "random_state": 42,
    "min_samples": 100,
    "lr_scheduler_patience": 10,
    "lr_scheduler_factor": 0.5,
    "sensor_type": "bme680",
    "iaq_standard": "bsec",
    "num_features": 15,
    "data_source": "InfluxDB(87.106.102.14:8086/home_study_room_iaq)",
    "feature_names": "temperature,rel_humidity,pressure,voc_resistance,abs_humidity,baseline_24h,gas_ratio_24h,log_ratio_24h,baseline_7d,gas_ratio_7d,log_ratio_7d,hour_sin,hour_cos,dow_sin,dow_cos",
    "data_fingerprint": "a26edb3e54e8340867c224e1500a57eabc5eb7b950331bdab52a5efaff5b566e",
    "git_commit": "b206564"
  },
  "feature_statistics": {
    "temperature": {
      "mean": 15.823475508817175,
      "std": 0.9332348213376527,
      "min": 13.51,
      "max": 18.46
    },
    "rel_humidity": {
      "mean": 55.68429074893706,
      "std": 4.008139300418551,
      "min": 43.23,
      "max": 64.52
    },
    "pressure": {
      "mean": 996.564745242908,
      "std": 10.737612836981553,
      "min": 978.76,
      "max": 1015.3
    },
    "voc_resistance": {
      "mean": 158506.32804053108,
      "std": 22290.470838923455,
      "min": 50542.94,
      "max": 199921.91
    },
    "abs_humidity": {
      "mean": 0.07516734399886371,
      "std": 0.007447794974276105,
      "min": 0.056738949395619354,
      "max": 0.09202629117108775
    },
    "baseline_24h": {
      "mean": 174536.7219718182,
      "std": 22862.066551462933,
      "min": 123270.55902342271,
      "max": 199921.90999996764
    },
    "gas_ratio_24h": {
      "mean": 0.9134589445688088,
      "std": 0.1028259909366472,
      "min": 0.25286932567792897,
      "max": 1.2367748986454334
    },
    "log_ratio_24h": {
      "mean": -0.0979011333416562,
      "std": 0.12696021400975574,
      "min": -1.374882422983049,
      "max": 0.2125071032419559
    },
    "baseline_7d": {
      "mean": 192376.01155986296,
      "std": 12543.509085652537,
      "min": 131248.39,
      "max": 199921.90999996764
    },
    "gas_ratio_7d": {
      "mean": 0.8281340837039407,
      "std": 0.13041529918316794,
      "min": 0.2528135108263272,
      "max": 1.0779944472513308
    },
    "log_ratio_7d": {
      "mean": -0.20197041059633372,
      "std": 0.16730209233339405,
      "min": -1.3751031734131576,
      "max": 0.0751023215007476
    },
    "hour_sin": {
      "mean": -0.24227394570924504,
      "std": 0.6629737525124917,
      "min": -1.0,
      "max": 1.0
    },
    "hour_cos": {
      "mean": 0.04982583031875638,
      "std": 0.7066020983149043,
      "min": -1.0,
      "max": 1.0
    },
    "dow_sin": {
      "mean": -0.2806501023563665,
      "std": 0.6965196016046861,
      "min": -0.9749279121818236,
      "max": 0.9749279121818236
    },
    "dow_cos": {
      "mean": 0.2379896991772414,
      "std": 0.6160007043123705,
      "min": -0.9009688679024191,
      "max": 1.0
    }
  },
  "target_statistics": {
    "iaq": {
      "mean": 111.55573168606676,
      "std": 47.49643186333388,
      "min": 46.48,
      "max": 500.0
    }
  },
  "stages": [
    {
      "stage": "source_access",
      "duration_seconds": 0.097,
      "rows_in": null,
      "rows_out": null,
      "columns": null,
      "extra": {
        "source": "InfluxDB(87.106.102.14:8086/home_study_room_iaq)"
      }
    },
    {
      "stage": "ingestion",
      "duration_seconds": 12.539,
      "rows_in": 332668,
      "rows_out": 229552,
      "columns": [
        "temperature",
        "rel_humidity",
        "pressure",
        "voc_resistance",
        "iaq",
        "iaq_accuracy"
      ],
      "extra": {
        "rows_before_cleaning": 332668,
        "rows_after_cleaning": 229552,
        "data_fingerprint": "a26edb3e54e8340867c224e1500a57eabc5eb7b950331bdab52a5efaff5b566e",
        "date_range_start": "2026-01-22 15:17:30.542388+00:00",
        "date_range_end": "2026-02-26 05:31:38.378894+00:00"
      }
    },
    {
      "stage": "feature_engineering",
      "duration_seconds": 0.093,
      "rows_in": 229552,
      "rows_out": 229552,
      "columns": [
        "temperature",
        "rel_humidity",
        "pressure",
        "voc_resistance",
        "abs_humidity",
        "baseline_24h",
        "gas_ratio_24h",
        "log_ratio_24h",
        "baseline_7d",
        "gas_ratio_7d",
        "log_ratio_7d",
        "hour_sin",
        "hour_cos",
        "dow_sin",
        "dow_cos"
      ],
      "extra": {
        "baselines": {
          "voc_resistance": 161718.25,
          "baseline_24h": 164814.31296414978,
          "baseline_7d": 199921.90999996764
        }
      }
    },
    {
      "stage": "windowing",
      "duration_seconds": 0.476,
      "rows_in": 229552,
      "rows_out": 228008,
      "columns": null,
      "extra": {
        "window_size": 10,
        "feature_dim": 150,
        "gaps_found": 387,
        "segments": 388,
        "median_interval_seconds": 3.0,
        "gap_threshold_seconds": 6.0,
        "largest_gap_seconds": 436446.0,
        "valid_segments": 101,
        "total_segment_samples": 228917
      }
    },
    {
      "stage": "splitting",
      "duration_seconds": 0.0,
      "rows_in": 228008,
      "rows_out": 228008,
      "columns": null,
      "extra": {
        "train_samples": 182406,
        "val_samples": 45602,
        "test_size": 0.2
      }
    },
    {
      "stage": "scaling",
      "duration_seconds": 0.488,
      "rows_in": 228008,
      "rows_out": 228008,
      "columns": null,
      "extra": {
        "feature_scaler": "StandardScaler",
        "target_scaler": "MinMaxScaler(0,1)",
        "fit_on": "train_only"
      }
    },
    {
      "stage": "training",
      "duration_seconds": 12440.575,
      "rows_in": null,
      "rows_out": null,
      "columns": null,
      "extra": {
        "epochs": 200,
        "best_val_loss": 0.010366391802919525,
        "device": "mps",
        "tensorboard_log_dir": "runs/mlp_20260318_090350"
      }
    },
    {
      "stage": "evaluation",
      "duration_seconds": 0.83,
      "rows_in": null,
      "rows_out": null,
      "columns": null,
      "extra": {
        "mae": 41.85155547595799,
        "rmse": 46.187359019631224,
        "r2": -0.3017651257312557
      }
    }
  ],
  "preprocessing_issues": [
    {
      "severity": "warning",
      "stage": "ingestion",
      "message": "voc_resistance has 103116 value(s) outside valid range [1000, 200000] \u2014 rows dropped",
      "rows_affected": 103116
    },
    {
      "severity": "warning",
      "stage": "windowing",
      "message": "Detected 387 time gap(s) across 388 contiguous segments (largest gap: 436446s)",
      "rows_affected": null
    }
  ],
  "metrics": {
    "mae": 41.85155547595799,
    "rmse": 46.187359019631224,
    "r2": -0.3017651257312557
  },
  "version": "mlp-3.0.0",
  "merkle_tree": {
    "node_type": "trained_model",
    "content_inputs": {
      "model_type": "mlp",
      "weights_hash": "8d3ae7855f67735a5dbf32db0b68bc355d6101e905b1ec5d8e8cbe09b928fa84",
      "metrics": {
        "mae": 41.85155547595799,
        "rmse": 46.187359019631224,
        "r2": -0.3017651257312557
      },
      "epochs": 200,
      "learning_rate": 0.001,
      "batch_size": 32,
      "version": "mlp-3.0.0"
    },
    "content_hash": "b3e6d2ccb58fdb1a240f0dc0e6e89bf7f1cebde962c38275a23ce2149589493d",
    "children": [
      {
        "node_type": "split_data",
        "content_inputs": {
          "test_size": 0.2,
          "train_samples": 182406,
          "val_samples": 45602
        },