{
  "model_type": "mlp",
  "trained_date": "2026-02-14T18:07:00.972377",
  "epochs": 3,
  "train_loss": [
    0.42097708582878113,
    0.33112580329179764,
    0.3007381595671177
  ],
  "val_loss": [
    0.13382449746131897,
    0.15183481574058533,
    0.15086233615875244
  ],
  "metrics": {
    "mae": 155.7782044141275,
    "rmse": 191.0432058859836,
    "r2": -0.918938516262547
  }
}