{
  "model_type": "mlp",
  "trained_date": "2026-03-06T22:11:57.081845",
  "epochs": 5,
  "train_loss": [
    0.4304349720478058,
    0.47654783725738525,
    0.3437836766242981,
    0.37620899081230164,
    0.3023619055747986
  ],
  "val_loss": [
    0.24985074996948242,
    0.2423240691423416,
    0.23577027022838593,
    0.23254747688770294,
    0.22907252609729767
  ],
  "metrics": {
    "mae": 182.72768019398512,
    "rmse": 227.49218928214023,
    "r2": -1.4973969654019035
  }
}