{
  "baseline_gas_resistance": 272519.4872821773,
  "trained_date": "2026-02-14T18:06:41.365123",
  "window_size": 10,
  "mae": 109.72908883877366,
  "rmse": 128.70932397075188,
  "r2": 0.21716993536882756,
  "notes": "Trained on real BSEC data with LSTM"
}