{
  "model_type": "lstm",
  "trained_date": "2026-02-14T18:06:41.375432",
  "epochs": 3,
  "train_loss": [
    0.22450099647045135,
    0.08213239327073098,
    0.03853773884475231
  ],
  "val_loss": [
    0.116280697286129,
    0.02827931541417326,
    0.012988693147365536
  ],
  "metrics": {
    "mae": 109.72908883877366,
    "rmse": 128.70932397075188,
    "r2": 0.21716993536882756
  }
}