{
  "baseline_gas_resistance": 272519.4872821773,
  "trained_date": "2026-02-14T18:06:42.032814",
  "window_size": 10,
  "mae": 95.59935986656012,
  "rmse": 114.97428196323791,
  "r2": 0.3753325305867121,
  "notes": "Trained on real BSEC data with CNN"
}