{
  "created_at": "2026-03-20T08:58:02.875232",
  "git_commit": "b206564",
  "data_fingerprint": "e8d5190908f081875dcc7ff84ea928389c6478189f56fb6ef35b687b37326688",
  "data_source": {
    "source_type": "influxdb",
    "measurement": "bme688",
    "hours_back": 1344,
    "min_iaq_accuracy": 2,
    "host": "87.106.102.14",
    "database": "home_study_room_iaq"
  },
  "config": {
    "model_type": "cnn",
    "epochs": 200,
    "window_size": 30,
    "batch_size": 32,
    "learning_rate": 0.001,
    "test_size": 0.2,
    "random_state": 42,
    "min_samples": 100,
    "lr_scheduler_patience": 10,
    "lr_scheduler_factor": 0.5,
    "sensor_type": "bme680",
    "iaq_standard": "bsec",
    "num_features": 15,
    "data_source": "InfluxDB(87.106.102.14:8086/home_study_room_iaq)",
    "feature_names": "temperature,rel_humidity,pressure,voc_resistance,abs_humidity,baseline_24h,gas_ratio_24h,log_ratio_24h,baseline_7d,gas_ratio_7d,log_ratio_7d,hour_sin,hour_cos,dow_sin,dow_cos",
    "data_fingerprint": "e8d5190908f081875dcc7ff84ea928389c6478189f56fb6ef35b687b37326688",
    "git_commit": "b206564"
  },
  "feature_statistics": {
    "temperature": {
      "mean": 15.816034057618822,
      "std": 0.9427929334663088,
      "min": 13.51,
      "max": 18.46
    },
    "rel_humidity": {
      "mean": 55.643053012703604,
      "std": 4.0459354475407405,
      "min": 43.23,
      "max": 64.52
    },
    "pressure": {
      "mean": 996.9132349387113,
      "std": 10.6177503310002,
      "min": 978.76,
      "max": 1015.3
    },
    "voc_resistance": {
      "mean": 158764.0447657479,
      "std": 22442.986555701784,
      "min": 50542.94,
      "max": 199921.91
    },
    "abs_humidity": {
      "mean": 0.07508042477258606,
      "std": 0.007513102403222104,
      "min": 0.056738949395619354,
      "max": 0.09202629117108775
    },
    "baseline_24h": {
      "mean": 175183.70087973442,
      "std": 22696.140882309268,
      "min": 123270.55902342271,
      "max": 199921.90999996764
    },
    "gas_ratio_24h": {
      "mean": 0.9113219091397374,
      "std": 0.10282769706873822,
      "min": 0.25286932567792897,
      "max": 1.2367748986454334
    },
    "log_ratio_24h": {
      "mean": -0.10027948472436055,
      "std": 0.12727716111149098,
      "min": -1.374882422983049,
      "max": 0.2125071032419559
    },
    "baseline_7d": {
      "mean": 193144.82741771132,
      "std": 11527.759318134764,
      "min": 144103.58,
      "max": 199921.90999996764
    },
    "gas_ratio_7d": {
      "mean": 0.825810183081777,
      "std": 0.13060207357415307,
      "min": 0.2528135108263272,
      "max": 1.0779944472513308
    },
    "log_ratio_7d": {
      "mean": -0.20487022715964123,
      "std": 0.1677844914663348,
      "min": -1.3751031734131576,
      "max": 0.0751023215007476
    },
    "hour_sin": {
      "mean": -0.226547259171227,
      "std": 0.662504453110075,
      "min": -1.0,
      "max": 1.0
    },
    "hour_cos": {
      "mean": 0.05671950030748904,
      "std": 0.7117212145610063,
      "min": -1.0,
      "max": 1.0
    },
    "dow_sin": {
      "mean": -0.29748856433333903,
      "std": 0.695885769929972,
      "min": -0.9749279121818236,
      "max": 0.9749279121818236
    },
    "dow_cos": {
      "mean": 0.2648300101771478,
      "std": 0.5975856549562001,
      "min": -0.9009688679024191,
      "max": 1.0
    }
  },
  "target_statistics": {
    "iaq": {
      "mean": 111.07436577829104,
      "std": 47.61275750777866,
      "min": 46.48,
      "max": 500.0
    }
  },
  "stages": [
    {
      "stage": "source_access",
      "duration_seconds": 0.077,
      "rows_in": null,
      "rows_out": null,
      "columns": null,
      "extra": {
        "source": "InfluxDB(87.106.102.14:8086/home_study_room_iaq)"
      }
    },
    {
      "stage": "ingestion",
      "duration_seconds": 9.003,
      "rows_in": 327383,
      "rows_out": 224267,
      "columns": [
        "temperature",
        "rel_humidity",
        "pressure",
        "voc_resistance",
        "iaq",
        "iaq_accuracy"
      ],
      "extra": {
        "rows_before_cleaning": 327383,
        "rows_after_cleaning": 224267,
        "data_fingerprint": "e8d5190908f081875dcc7ff84ea928389c6478189f56fb6ef35b687b37326688",
        "date_range_start": "2026-01-23 22:22:18.497891+00:00",
        "date_range_end": "2026-02-26 05:31:38.378894+00:00"
      }
    },
    {
      "stage": "feature_engineering",
      "duration_seconds": 0.05,
      "rows_in": 224267,
      "rows_out": 224267,
      "columns": [
        "temperature",
        "rel_humidity",
        "pressure",
        "voc_resistance",
        "abs_humidity",
        "baseline_24h",
        "gas_ratio_24h",
        "log_ratio_24h",
        "baseline_7d",
        "gas_ratio_7d",
        "log_ratio_7d",
        "hour_sin",
        "hour_cos",
        "dow_sin",
        "dow_cos"
      ],
      "extra": {
        "baselines": {
          "voc_resistance": 162798.09,
          "baseline_24h": 164814.31296414978,
          "baseline_7d": 199921.90999996764
        }
      }
    },
    {
      "stage": "windowing",
      "duration_seconds": 1.56,
      "rows_in": 224267,
      "rows_out": 221090,
      "columns": null,
      "extra": {
        "window_size": 30,
        "feature_dim": 450,
        "gaps_found": 386,
        "segments": 387,
        "median_interval_seconds": 3.0,
        "gap_threshold_seconds": 6.0,
        "largest_gap_seconds": 436446.0,
        "valid_segments": 70,
        "total_segment_samples": 223120
      }
    },
    {
      "stage": "splitting",
      "duration_seconds": 0.0,
      "rows_in": 221090,
      "rows_out": 221090,
      "columns": null,
      "extra": {
        "train_samples": 176872,
        "val_samples": 44218,
        "test_size": 0.2
      }
    },
    {
      "stage": "scaling",
      "duration_seconds": 0.749,
      "rows_in": 221090,
      "rows_out": 221090,
      "columns": null,
      "extra": {
        "feature_scaler": "StandardScaler",
        "target_scaler": "MinMaxScaler(0,1)",
        "fit_on": "train_only"
      }
    },
    {
      "stage": "training",
      "duration_seconds": 19531.14,
      "rows_in": null,
      "rows_out": null,
      "columns": null,
      "extra": {
        "epochs": 200,
        "best_val_loss": 0.004065996797796707,
        "device": "mps",
        "tensorboard_log_dir": "runs/cnn_20260320_033223"
      }
    },
    {
      "stage": "evaluation",
      "duration_seconds": 8.395,
      "rows_in": null,
      "rows_out": null,
      "columns": null,
      "extra": {
        "mae": 31.578073124113228,
        "rmse": 40.42509124899328,
        "r2": -0.0015704442793602613
      }
    }
  ],
  "preprocessing_issues": [
    {
      "severity": "warning",
      "stage": "ingestion",
      "message": "voc_resistance has 103116 value(s) outside valid range [1000, 200000] \u2014 rows dropped",
      "rows_affected": 103116
    },
    {
      "severity": "warning",
      "stage": "windowing",
      "message": "Detected 386 time gap(s) across 387 contiguous segments (largest gap: 436446s)",
      "rows_affected": null
    }
  ],
  "metrics": {
    "mae": 31.578073124113228,
    "rmse": 40.42509124899328,
    "r2": -0.0015704442793602613
  },
  "version": "cnn-3.0.0",
  "merkle_tree": {
    "node_type": "trained_model",
    "content_inputs": {
      "model_type": "cnn",
      "weights_hash": "031ee3055a85ba72b693b7d0e5e20bcb2ab0faca0a7bd1852c77339ca5c59a90",
      "metrics": {
        "mae": 31.578073124113228,
        "rmse": 40.42509124899328,
        "r2": -0.0015704442793602613
      },
      "epochs": 200,
      "learning_rate": 0.001,
      "batch_size": 32,
      "version": "cnn-3.0.0"
    },
    "content_hash": "c2c41b8bdd036a01f1ff8b4bc3fc6fba1682533d28d157321c5e2aa1da8c300d",
    "children": [
      {
        "node_type": "split_data",
        "content_inputs": {
          "test_size": 0.2,
          "train_samples": 176872,