{
  "model_type": "cnn",
  "trained_date": "2026-02-14T18:06:42.040798",
  "epochs": 3,
  "train_loss": [
    0.1436668437719345,
    0.07676302388310433,
    0.061924527436494826
  ],
  "val_loss": [
    0.1498656975371497,
    0.0813762652022498,
    0.05036001758916037
  ],
  "metrics": {
    "mae": 95.59935986656012,
    "rmse": 114.97428196323791,
    "r2": 0.3753325305867121
  }
}