{
  "baseline_gas_resistance": 169424.22,
  "trained_date": "2026-02-01T10:34:08.400328",
  "window_size": 10,
  "mae": 0.3712648776908782,
  "rmse": 1.0729349151942809,
  "r2": 0.999402017447514,
  "notes": "Trained on real BSEC data with KAN architecture"
}