{
  "baseline_gas_resistance": 272519.4872821773,
  "trained_date": "2026-02-14T18:06:40.730857",
  "window_size": 10,
  "mae": 75.55773218108304,
  "rmse": 91.98054245209494,
  "r2": 0.6002031104994544,
  "notes": "Trained on real BSEC data with KAN"
}