{
  "model_type": "kan",
  "trained_date": "2026-02-14T18:06:40.737317",
  "epochs": 3,
  "train_loss": [
    0.17951851159334184,
    0.07323817312717437,
    0.046977459937334064
  ],
  "val_loss": [
    0.08397772376026426,
    0.06651772452252251,
    0.03415378262954099
  ],
  "metrics": {
    "mae": 75.55773218108304,
    "rmse": 91.98054245209494,
    "r2": 0.6002031104994544
  }
}